"","time","well","row","col","value","condition"
"1","0","A1","A","1","568","A"
"2","0","A2","A","2","546","A"
"3","0","A3","A","3","565","A"
"4","0","A4","A","4","548","B"
"5","0","A5","A","5","553","B"
"6","0","A6","A","6","612","B"
"7","0","A7","A","7","557","C"
"8","0","A8","A","8","558","C"
"9","0","A9","A","9","554","C"
"10","0","A10","A","10","552","D"
"11","0","A11","A","11","546","D"
"12","0","A12","A","12","603","D"
"13","0","B1","B","1","557","E"
"14","0","B2","B","2","542","E"
"15","0","B3","B","3","581","E"
"16","0","B4","B","4","538","F"
"17","0","B5","B","5","576","F"
"18","0","B6","B","6","607","F"
"19","0","C1","C","1","568","G"
"20","0","C2","C","2","545","G"
"21","0","C3","C","3","1087",""
"22","0","C4","C","4","591","H"
"23","0","C5","C","5","540","H"
"24","0","C6","C","6","587","H"
"25","0","C7","C","7","597","I"
"26","0","C8","C","8","496","I"
"27","0","C9","C","9","554","I"
"28","0","C10","C","10","608","J"
"29","0","C11","C","11","546","J"
"30","0","C12","C","12","598","J"
"31","0.333333333333333","A1","A","1","577","A"
"32","0.333333333333333","A2","A","2","545","A"
"33","0.333333333333333","A3","A","3","576","A"
"34","0.333333333333333","A4","A","4","554","B"
"35","0.333333333333333","A5","A","5","569","B"
"36","0.333333333333333","A6","A","6","600","B"
"37","0.333333333333333","A7","A","7","569","C"
"38","0.333333333333333","A8","A","8","562","C"
"39","0.333333333333333","A9","A","9","592","C"
"40","0.333333333333333","A10","A","10","546","D"
"41","0.333333333333333","A11","A","11","545","D"
"42","0.333333333333333","A12","A","12","594","D"
"43","0.333333333333333","B1","B","1","560","E"
"44","0.333333333333333","B2","B","2","564","E"
"45","0.333333333333333","B3","B","3","567","E"
"46","0.333333333333333","B4","B","4","560","F"
"47","0.333333333333333","B5","B","5","573","F"
"48","0.333333333333333","B6","B","6","617","F"
"49","0.333333333333333","C1","C","1","585","G"
"50","0.333333333333333","C2","C","2","552","G"
"51","0.333333333333333","C3","C","3","1040",""
"52","0.333333333333333","C4","C","4","582","H"
"53","0.333333333333333","C5","C","5","548","H"
"54","0.333333333333333","C6","C","6","569","H"
"55","0.333333333333333","C7","C","7","564","I"
"56","0.333333333333333","C8","C","8","502","I"
"57","0.333333333333333","C9","C","9","569","I"
"58","0.333333333333333","C10","C","10","599","J"
"59","0.333333333333333","C11","C","11","549","J"
"60","0.333333333333333","C12","C","12","593","J"
"61","0.666666666666667","A1","A","1","572","A"
"62","0.666666666666667","A2","A","2","541","A"
"63","0.666666666666667","A3","A","3","568","A"
"64","0.666666666666667","A4","A","4","552","B"
"65","0.666666666666667","A5","A","5","568","B"
"66","0.666666666666667","A6","A","6","602","B"
"67","0.666666666666667","A7","A","7","573","C"
"68","0.666666666666667","A8","A","8","571","C"
"69","0.666666666666667","A9","A","9","616","C"
"70","0.666666666666667","A10","A","10","546","D"
"71","0.666666666666667","A11","A","11","546","D"
"72","0.666666666666667","A12","A","12","600","D"
"73","0.666666666666667","B1","B","1","548","E"
"74","0.666666666666667","B2","B","2","545","E"
"75","0.666666666666667","B3","B","3","558","E"
"76","0.666666666666667","B4","B","4","541","F"
"77","0.666666666666667","B5","B","5","558","F"
"78","0.666666666666667","B6","B","6","595","F"
"79","0.666666666666667","C1","C","1","582","G"
"80","0.666666666666667","C2","C","2","564","G"
"81","0.666666666666667","C3","C","3","1046",""
"82","0.666666666666667","C4","C","4","568","H"
"83","0.666666666666667","C5","C","5","548","H"
"84","0.666666666666667","C6","C","6","602","H"
"85","0.666666666666667","C7","C","7","578","I"
"86","0.666666666666667","C8","C","8","491","I"
"87","0.666666666666667","C9","C","9","543","I"
"88","0.666666666666667","C10","C","10","575","J"
"89","0.666666666666667","C11","C","11","550","J"
"90","0.666666666666667","C12","C","12","589","J"
"91","1","A1","A","1","565","A"
"92","1","A2","A","2","537","A"
"93","1","A3","A","3","563","A"
"94","1","A4","A","4","555","B"
"95","1","A5","A","5","564","B"
"96","1","A6","A","6","617","B"
"97","1","A7","A","7","589","C"
"98","1","A8","A","8","572","C"
"99","1","A9","A","9","590","C"
"100","1","A10","A","10","571","D"
"101","1","A11","A","11","568","D"
"102","1","A12","A","12","642","D"
"103","1","B1","B","1","554","E"
"104","1","B2","B","2","549","E"
"105","1","B3","B","3","565","E"
"106","1","B4","B","4","536","F"
"107","1","B5","B","5","566","F"
"108","1","B6","B","6","592","F"
"109","1","C1","C","1","581","G"
"110","1","C2","C","2","556","G"
"111","1","C3","C","3","1050",""
"112","1","C4","C","4","557","H"
"113","1","C5","C","5","536","H"
"114","1","C6","C","6","553","H"
"115","1","C7","C","7","576","I"
"116","1","C8","C","8","493","I"
"117","1","C9","C","9","552","I"
"118","1","C10","C","10","579","J"
"119","1","C11","C","11","551","J"
"120","1","C12","C","12","600","J"
"121","1.33333333333333","A1","A","1","583","A"
"122","1.33333333333333","A2","A","2","536","A"
"123","1.33333333333333","A3","A","3","570","A"
"124","1.33333333333333","A4","A","4","561","B"
"125","1.33333333333333","A5","A","5","585","B"
"126","1.33333333333333","A6","A","6","600","B"
"127","1.33333333333333","A7","A","7","578","C"
"128","1.33333333333333","A8","A","8","577","C"
"129","1.33333333333333","A9","A","9","600","C"
"130","1.33333333333333","A10","A","10","588","D"
"131","1.33333333333333","A11","A","11","579","D"
"132","1.33333333333333","A12","A","12","627","D"
"133","1.33333333333333","B1","B","1","574","E"
"134","1.33333333333333","B2","B","2","561","E"
"135","1.33333333333333","B3","B","3","580","E"
"136","1.33333333333333","B4","B","4","544","F"
"137","1.33333333333333","B5","B","5","571","F"
"138","1.33333333333333","B6","B","6","599","F"
"139","1.33333333333333","C1","C","1","578","G"
"140","1.33333333333333","C2","C","2","553","G"
"141","1.33333333333333","C3","C","3","1045",""
"142","1.33333333333333","C4","C","4","554","H"
"143","1.33333333333333","C5","C","5","503","H"
"144","1.33333333333333","C6","C","6","540","H"
"145","1.33333333333333","C7","C","7","571","I"
"146","1.33333333333333","C8","C","8","476","I"
"147","1.33333333333333","C9","C","9","574","I"
"148","1.33333333333333","C10","C","10","586","J"
"149","1.33333333333333","C11","C","11","550","J"
"150","1.33333333333333","C12","C","12","597","J"
"151","1.66666666666667","A1","A","1","578","A"
"152","1.66666666666667","A2","A","2","549","A"
"153","1.66666666666667","A3","A","3","588","A"
"154","1.66666666666667","A4","A","4","585","B"
"155","1.66666666666667","A5","A","5","597","B"
"156","1.66666666666667","A6","A","6","650","B"
"157","1.66666666666667","A7","A","7","598","C"
"158","1.66666666666667","A8","A","8","610","C"
"159","1.66666666666667","A9","A","9","611","C"
"160","1.66666666666667","A10","A","10","588","D"
"161","1.66666666666667","A11","A","11","603","D"
"162","1.66666666666667","A12","A","12","680","D"
"163","1.66666666666667","B1","B","1","582","E"
"164","1.66666666666667","B2","B","2","567","E"
"165","1.66666666666667","B3","B","3","568","E"
"166","1.66666666666667","B4","B","4","548","F"
"167","1.66666666666667","B5","B","5","570","F"
"168","1.66666666666667","B6","B","6","613","F"
"169","1.66666666666667","C1","C","1","581","G"
"170","1.66666666666667","C2","C","2","561","G"
"171","1.66666666666667","C3","C","3","1074",""
"172","1.66666666666667","C4","C","4","541","H"
"173","1.66666666666667","C5","C","5","514","H"
"174","1.66666666666667","C6","C","6","541","H"
"175","1.66666666666667","C7","C","7","561","I"
"176","1.66666666666667","C8","C","8","501","I"
"177","1.66666666666667","C9","C","9","568","I"
"178","1.66666666666667","C10","C","10","590","J"
"179","1.66666666666667","C11","C","11","557","J"
"180","1.66666666666667","C12","C","12","601","J"
"181","2","A1","A","1","612","A"
"182","2","A2","A","2","582","A"
"183","2","A3","A","3","585","A"
"184","2","A4","A","4","606","B"
"185","2","A5","A","5","613","B"
"186","2","A6","A","6","653","B"
"187","2","A7","A","7","630","C"
"188","2","A8","A","8","627","C"
"189","2","A9","A","9","634","C"
"190","2","A10","A","10","607","D"
"191","2","A11","A","11","608","D"
"192","2","A12","A","12","682","D"
"193","2","B1","B","1","592","E"
"194","2","B2","B","2","572","E"
"195","2","B3","B","3","592","E"
"196","2","B4","B","4","549","F"
"197","2","B5","B","5","586","F"
"198","2","B6","B","6","613","F"
"199","2","C1","C","1","604","G"
"200","2","C2","C","2","579","G"
"201","2","C3","C","3","1077",""
"202","2","C4","C","4","541","H"
"203","2","C5","C","5","506","H"
"204","2","C6","C","6","545","H"
"205","2","C7","C","7","581","I"
"206","2","C8","C","8","507","I"
"207","2","C9","C","9","589","I"
"208","2","C10","C","10","589","J"
"209","2","C11","C","11","569","J"
"210","2","C12","C","12","630","J"
"211","2.33333333333333","A1","A","1","622","A"
"212","2.33333333333333","A2","A","2","591","A"
"213","2.33333333333333","A3","A","3","608","A"
"214","2.33333333333333","A4","A","4","620","B"
"215","2.33333333333333","A5","A","5","642","B"
"216","2.33333333333333","A6","A","6","693","B"
"217","2.33333333333333","A7","A","7","643","C"
"218","2.33333333333333","A8","A","8","637","C"
"219","2.33333333333333","A9","A","9","677","C"
"220","2.33333333333333","A10","A","10","621","D"
"221","2.33333333333333","A11","A","11","620","D"
"222","2.33333333333333","A12","A","12","729","D"
"223","2.33333333333333","B1","B","1","614","E"
"224","2.33333333333333","B2","B","2","595","E"
"225","2.33333333333333","B3","B","3","603","E"
"226","2.33333333333333","B4","B","4","558","F"
"227","2.33333333333333","B5","B","5","607","F"
"228","2.33333333333333","B6","B","6","611","F"
"229","2.33333333333333","C1","C","1","621","G"
"230","2.33333333333333","C2","C","2","586","G"
"231","2.33333333333333","C3","C","3","1111",""
"232","2.33333333333333","C4","C","4","553","H"
"233","2.33333333333333","C5","C","5","513","H"
"234","2.33333333333333","C6","C","6","528","H"
"235","2.33333333333333","C7","C","7","599","I"
"236","2.33333333333333","C8","C","8","512","I"
"237","2.33333333333333","C9","C","9","585","I"
"238","2.33333333333333","C10","C","10","595","J"
"239","2.33333333333333","C11","C","11","562","J"
"240","2.33333333333333","C12","C","12","622","J"
"241","2.66666666666667","A1","A","1","642","A"
"242","2.66666666666667","A2","A","2","575","A"
"243","2.66666666666667","A3","A","3","639","A"
"244","2.66666666666667","A4","A","4","639","B"
"245","2.66666666666667","A5","A","5","660","B"
"246","2.66666666666667","A6","A","6","705","B"
"247","2.66666666666667","A7","A","7","677","C"
"248","2.66666666666667","A8","A","8","651","C"
"249","2.66666666666667","A9","A","9","698","C"
"250","2.66666666666667","A10","A","10","642","D"
"251","2.66666666666667","A11","A","11","638","D"
"252","2.66666666666667","A12","A","12","724","D"
"253","2.66666666666667","B1","B","1","653","E"
"254","2.66666666666667","B2","B","2","598","E"
"255","2.66666666666667","B3","B","3","619","E"
"256","2.66666666666667","B4","B","4","585","F"
"257","2.66666666666667","B5","B","5","606","F"
"258","2.66666666666667","B6","B","6","633","F"
"259","2.66666666666667","C1","C","1","644","G"
"260","2.66666666666667","C2","C","2","595","G"
"261","2.66666666666667","C3","C","3","1157",""
"262","2.66666666666667","C4","C","4","532","H"
"263","2.66666666666667","C5","C","5","512","H"
"264","2.66666666666667","C6","C","6","562","H"
"265","2.66666666666667","C7","C","7","611","I"
"266","2.66666666666667","C8","C","8","526","I"
"267","2.66666666666667","C9","C","9","598","I"
"268","2.66666666666667","C10","C","10","628","J"
"269","2.66666666666667","C11","C","11","601","J"
"270","2.66666666666667","C12","C","12","637","J"
"271","3","A1","A","1","671","A"
"272","3","A2","A","2","625","A"
"273","3","A3","A","3","669","A"
"274","3","A4","A","4","681","B"
"275","3","A5","A","5","686","B"
"276","3","A6","A","6","745","B"
"277","3","A7","A","7","695","C"
"278","3","A8","A","8","665","C"
"279","3","A9","A","9","716","C"
"280","3","A10","A","10","674","D"
"281","3","A11","A","11","684","D"
"282","3","A12","A","12","760","D"
"283","3","B1","B","1","636","E"
"284","3","B2","B","2","609","E"
"285","3","B3","B","3","604","E"
"286","3","B4","B","4","591","F"
"287","3","B5","B","5","610","F"
"288","3","B6","B","6","641","F"
"289","3","C1","C","1","687","G"
"290","3","C2","C","2","623","G"
"291","3","C3","C","3","1206",""
"292","3","C4","C","4","572","H"
"293","3","C5","C","5","525","H"
"294","3","C6","C","6","548","H"
"295","3","C7","C","7","653","I"
"296","3","C8","C","8","554","I"
"297","3","C9","C","9","639","I"
"298","3","C10","C","10","664","J"
"299","3","C11","C","11","624","J"
"300","3","C12","C","12","708","J"
"301","3.33333333333333","A1","A","1","763","A"
"302","3.33333333333333","A2","A","2","675","A"
"303","3.33333333333333","A3","A","3","729","A"
"304","3.33333333333333","A4","A","4","693","B"
"305","3.33333333333333","A5","A","5","712","B"
"306","3.33333333333333","A6","A","6","761","B"
"307","3.33333333333333","A7","A","7","715","C"
"308","3.33333333333333","A8","A","8","704","C"
"309","3.33333333333333","A9","A","9","755","C"
"310","3.33333333333333","A10","A","10","683","D"
"311","3.33333333333333","A11","A","11","698","D"
"312","3.33333333333333","A12","A","12","802","D"
"313","3.33333333333333","B1","B","1","680","E"
"314","3.33333333333333","B2","B","2","629","E"
"315","3.33333333333333","B3","B","3","629","E"
"316","3.33333333333333","B4","B","4","593","F"
"317","3.33333333333333","B5","B","5","643","F"
"318","3.33333333333333","B6","B","6","671","F"
"319","3.33333333333333","C1","C","1","767","G"
"320","3.33333333333333","C2","C","2","696","G"
"321","3.33333333333333","C3","C","3","1398",""
"322","3.33333333333333","C4","C","4","579","H"
"323","3.33333333333333","C5","C","5","536","H"
"324","3.33333333333333","C6","C","6","566","H"
"325","3.33333333333333","C7","C","7","742","I"
"326","3.33333333333333","C8","C","8","639","I"
"327","3.33333333333333","C9","C","9","737","I"
"328","3.33333333333333","C10","C","10","753","J"
"329","3.33333333333333","C11","C","11","690","J"
"330","3.33333333333333","C12","C","12","791","J"
"331","3.66666666666667","A1","A","1","896","A"
"332","3.66666666666667","A2","A","2","829","A"
"333","3.66666666666667","A3","A","3","861","A"
"334","3.66666666666667","A4","A","4","706","B"
"335","3.66666666666667","A5","A","5","747","B"
"336","3.66666666666667","A6","A","6","807","B"
"337","3.66666666666667","A7","A","7","758","C"
"338","3.66666666666667","A8","A","8","724","C"
"339","3.66666666666667","A9","A","9","775","C"
"340","3.66666666666667","A10","A","10","709","D"
"341","3.66666666666667","A11","A","11","729","D"
"342","3.66666666666667","A12","A","12","819","D"
"343","3.66666666666667","B1","B","1","701","E"
"344","3.66666666666667","B2","B","2","643","E"
"345","3.66666666666667","B3","B","3","649","E"
"346","3.66666666666667","B4","B","4","590","F"
"347","3.66666666666667","B5","B","5","647","F"
"348","3.66666666666667","B6","B","6","651","F"
"349","3.66666666666667","C1","C","1","903","G"
"350","3.66666666666667","C2","C","2","823","G"
"351","3.66666666666667","C3","C","3","1574",""
"352","3.66666666666667","C4","C","4","600","H"
"353","3.66666666666667","C5","C","5","555","H"
"354","3.66666666666667","C6","C","6","608","H"
"355","3.66666666666667","C7","C","7","863","I"
"356","3.66666666666667","C8","C","8","742","I"
"357","3.66666666666667","C9","C","9","871","I"
"358","3.66666666666667","C10","C","10","863","J"
"359","3.66666666666667","C11","C","11","828","J"
"360","3.66666666666667","C12","C","12","920","J"
"361","4","A1","A","1","1045","A"
"362","4","A2","A","2","911","A"
"363","4","A3","A","3","991","A"
"364","4","A4","A","4","753","B"
"365","4","A5","A","5","761","B"
"366","4","A6","A","6","836","B"
"367","4","A7","A","7","787","C"
"368","4","A8","A","8","755","C"
"369","4","A9","A","9","785","C"
"370","4","A10","A","10","727","D"
"371","4","A11","A","11","736","D"
"372","4","A12","A","12","862","D"
"373","4","B1","B","1","700","E"
"374","4","B2","B","2","670","E"
"375","4","B3","B","3","665","E"
"376","4","B4","B","4","611","F"
"377","4","B5","B","5","631","F"
"378","4","B6","B","6","686","F"
"379","4","C1","C","1","1032","G"
"380","4","C2","C","2","918","G"
"381","4","C3","C","3","1776",""
"382","4","C4","C","4","688","H"
"383","4","C5","C","5","613","H"
"384","4","C6","C","6","663","H"
"385","4","C7","C","7","956","I"
"386","4","C8","C","8","826","I"
"387","4","C9","C","9","987","I"
"388","4","C10","C","10","962","J"
"389","4","C11","C","11","928","J"
"390","4","C12","C","12","1037","J"
"391","4.33333333333333","A1","A","1","1186","A"
"392","4.33333333333333","A2","A","2","1021","A"
"393","4.33333333333333","A3","A","3","1082","A"
"394","4.33333333333333","A4","A","4","781","B"
"395","4.33333333333333","A5","A","5","811","B"
"396","4.33333333333333","A6","A","6","871","B"
"397","4.33333333333333","A7","A","7","803","C"
"398","4.33333333333333","A8","A","8","793","C"
"399","4.33333333333333","A9","A","9","818","C"
"400","4.33333333333333","A10","A","10","756","D"
"401","4.33333333333333","A11","A","11","765","D"
"402","4.33333333333333","A12","A","12","878","D"
"403","4.33333333333333","B1","B","1","723","E"
"404","4.33333333333333","B2","B","2","669","E"
"405","4.33333333333333","B3","B","3","664","E"
"406","4.33333333333333","B4","B","4","621","F"
"407","4.33333333333333","B5","B","5","652","F"
"408","4.33333333333333","B6","B","6","692","F"
"409","4.33333333333333","C1","C","1","1118","G"
"410","4.33333333333333","C2","C","2","1033","G"
"411","4.33333333333333","C3","C","3","1932",""
"412","4.33333333333333","C4","C","4","724","H"
"413","4.33333333333333","C5","C","5","667","H"
"414","4.33333333333333","C6","C","6","718","H"
"415","4.33333333333333","C7","C","7","1096","I"
"416","4.33333333333333","C8","C","8","916","I"
"417","4.33333333333333","C9","C","9","1069","I"
"418","4.33333333333333","C10","C","10","1061","J"
"419","4.33333333333333","C11","C","11","1035","J"
"420","4.33333333333333","C12","C","12","1146","J"
"421","4.66666666666667","A1","A","1","1280","A"
"422","4.66666666666667","A2","A","2","1113","A"
"423","4.66666666666667","A3","A","3","1210","A"
"424","4.66666666666667","A4","A","4","810","B"
"425","4.66666666666667","A5","A","5","837","B"
"426","4.66666666666667","A6","A","6","906","B"
"427","4.66666666666667","A7","A","7","812","C"
"428","4.66666666666667","A8","A","8","805","C"
"429","4.66666666666667","A9","A","9","851","C"
"430","4.66666666666667","A10","A","10","781","D"
"431","4.66666666666667","A11","A","11","785","D"
"432","4.66666666666667","A12","A","12","932","D"
"433","4.66666666666667","B1","B","1","746","E"
"434","4.66666666666667","B2","B","2","687","E"
"435","4.66666666666667","B3","B","3","687","E"
"436","4.66666666666667","B4","B","4","653","F"
"437","4.66666666666667","B5","B","5","665","F"
"438","4.66666666666667","B6","B","6","720","F"
"439","4.66666666666667","C1","C","1","1295","G"
"440","4.66666666666667","C2","C","2","1152","G"
"441","4.66666666666667","C3","C","3","2082",""
"442","4.66666666666667","C4","C","4","789","H"
"443","4.66666666666667","C5","C","5","739","H"
"444","4.66666666666667","C6","C","6","768","H"
"445","4.66666666666667","C7","C","7","1178","I"
"446","4.66666666666667","C8","C","8","1001","I"
"447","4.66666666666667","C9","C","9","1145","I"
"448","4.66666666666667","C10","C","10","1161","J"
"449","4.66666666666667","C11","C","11","1124","J"
"450","4.66666666666667","C12","C","12","1232","J"
"451","5","A1","A","1","1434","A"
"452","5","A2","A","2","1260","A"
"453","5","A3","A","3","1329","A"
"454","5","A4","A","4","834","B"
"455","5","A5","A","5","837","B"
"456","5","A6","A","6","953","B"
"457","5","A7","A","7","861","C"
"458","5","A8","A","8","832","C"
"459","5","A9","A","9","906","C"
"460","5","A10","A","10","785","D"
"461","5","A11","A","11","813","D"
"462","5","A12","A","12","948","D"
"463","5","B1","B","1","756","E"
"464","5","B2","B","2","723","E"
"465","5","B3","B","3","708","E"
"466","5","B4","B","4","654","F"
"467","5","B5","B","5","687","F"
"468","5","B6","B","6","717","F"
"469","5","C1","C","1","1365","G"
"470","5","C2","C","2","1317","G"
"471","5","C3","C","3","2237",""
"472","5","C4","C","4","858","H"
"473","5","C5","C","5","771","H"
"474","5","C6","C","6","829","H"
"475","5","C7","C","7","1283","I"
"476","5","C8","C","8","1103","I"
"477","5","C9","C","9","1294","I"
"478","5","C10","C","10","1270","J"
"479","5","C11","C","11","1225","J"
"480","5","C12","C","12","1333","J"
"481","5.33333333333333","A1","A","1","1593","A"
"482","5.33333333333333","A2","A","2","1385","A"
"483","5.33333333333333","A3","A","3","1476","A"
"484","5.33333333333333","A4","A","4","899","B"
"485","5.33333333333333","A5","A","5","899","B"
"486","5.33333333333333","A6","A","6","990","B"
"487","5.33333333333333","A7","A","7","863","C"
"488","5.33333333333333","A8","A","8","891","C"
"489","5.33333333333333","A9","A","9","936","C"
"490","5.33333333333333","A10","A","10","832","D"
"491","5.33333333333333","A11","A","11","836","D"
"492","5.33333333333333","A12","A","12","977","D"
"493","5.33333333333333","B1","B","1","781","E"
"494","5.33333333333333","B2","B","2","716","E"
"495","5.33333333333333","B3","B","3","714","E"
"496","5.33333333333333","B4","B","4","649","F"
"497","5.33333333333333","B5","B","5","689","F"
"498","5.33333333333333","B6","B","6","755","F"
"499","5.33333333333333","C1","C","1","1549","G"
"500","5.33333333333333","C2","C","2","1464","G"
"501","5.33333333333333","C3","C","3","2419",""
"502","5.33333333333333","C4","C","4","884","H"
"503","5.33333333333333","C5","C","5","823","H"
"504","5.33333333333333","C6","C","6","879","H"
"505","5.33333333333333","C7","C","7","1459","I"
"506","5.33333333333333","C8","C","8","1237","I"
"507","5.33333333333333","C9","C","9","1435","I"
"508","5.33333333333333","C10","C","10","1383","J"
"509","5.33333333333333","C11","C","11","1369","J"
"510","5.33333333333333","C12","C","12","1503","J"
"511","5.66666666666667","A1","A","1","1775","A"
"512","5.66666666666667","A2","A","2","1526","A"
"513","5.66666666666667","A3","A","3","1590","A"
"514","5.66666666666667","A4","A","4","912","B"
"515","5.66666666666667","A5","A","5","938","B"
"516","5.66666666666667","A6","A","6","1020","B"
"517","5.66666666666667","A7","A","7","914","C"
"518","5.66666666666667","A8","A","8","894","C"
"519","5.66666666666667","A9","A","9","951","C"
"520","5.66666666666667","A10","A","10","840","D"
"521","5.66666666666667","A11","A","11","883","D"
"522","5.66666666666667","A12","A","12","1028","D"
"523","5.66666666666667","B1","B","1","802","E"
"524","5.66666666666667","B2","B","2","746","E"
"525","5.66666666666667","B3","B","3","737","E"
"526","5.66666666666667","B4","B","4","668","F"
"527","5.66666666666667","B5","B","5","701","F"
"528","5.66666666666667","B6","B","6","776","F"
"529","5.66666666666667","C1","C","1","1655","G"
"530","5.66666666666667","C2","C","2","1572","G"
"531","5.66666666666667","C3","C","3","2677",""
"532","5.66666666666667","C4","C","4","947","H"
"533","5.66666666666667","C5","C","5","870","H"
"534","5.66666666666667","C6","C","6","957","H"
"535","5.66666666666667","C7","C","7","1601","I"
"536","5.66666666666667","C8","C","8","1376","I"
"537","5.66666666666667","C9","C","9","1548","I"
"538","5.66666666666667","C10","C","10","1494","J"
"539","5.66666666666667","C11","C","11","1457","J"
"540","5.66666666666667","C12","C","12","1628","J"
"541","6","A1","A","1","1992","A"
"542","6","A2","A","2","1694","A"
"543","6","A3","A","3","1753","A"
"544","6","A4","A","4","942","B"
"545","6","A5","A","5","954","B"
"546","6","A6","A","6","1069","B"
"547","6","A7","A","7","974","C"
"548","6","A8","A","8","903","C"
"549","6","A9","A","9","994","C"
"550","6","A10","A","10","880","D"
"551","6","A11","A","11","915","D"
"552","6","A12","A","12","1023","D"
"553","6","B1","B","1","809","E"
"554","6","B2","B","2","754","E"
"555","6","B3","B","3","739","E"
"556","6","B4","B","4","699","F"
"557","6","B5","B","5","719","F"
"558","6","B6","B","6","783","F"
"559","6","C1","C","1","1827","G"
"560","6","C2","C","2","1753","G"
"561","6","C3","C","3","2773",""
"562","6","C4","C","4","1036","H"
"563","6","C5","C","5","962","H"
"564","6","C6","C","6","1009","H"
"565","6","C7","C","7","1701","I"
"566","6","C8","C","8","1451","I"
"567","6","C9","C","9","1706","I"
"568","6","C10","C","10","1657","J"
"569","6","C11","C","11","1595","J"
"570","6","C12","C","12","1770","J"
"571","6.33333333333333","A1","A","1","2135","A"
"572","6.33333333333333","A2","A","2","1796","A"
"573","6.33333333333333","A3","A","3","1849","A"
"574","6.33333333333333","A4","A","4","992","B"
"575","6.33333333333333","A5","A","5","986","B"
"576","6.33333333333333","A6","A","6","1096","B"
"577","6.33333333333333","A7","A","7","980","C"
"578","6.33333333333333","A8","A","8","930","C"
"579","6.33333333333333","A9","A","9","1014","C"
"580","6.33333333333333","A10","A","10","897","D"
"581","6.33333333333333","A11","A","11","932","D"
"582","6.33333333333333","A12","A","12","1065","D"
"583","6.33333333333333","B1","B","1","869","E"
"584","6.33333333333333","B2","B","2","768","E"
"585","6.33333333333333","B3","B","3","760","E"
"586","6.33333333333333","B4","B","4","689","F"
"587","6.33333333333333","B5","B","5","740","F"
"588","6.33333333333333","B6","B","6","806","F"
"589","6.33333333333333","C1","C","1","1935","G"
"590","6.33333333333333","C2","C","2","1783","G"
"591","6.33333333333333","C3","C","3","2905",""
"592","6.33333333333333","C4","C","4","1148","H"
"593","6.33333333333333","C5","C","5","1019","H"
"594","6.33333333333333","C6","C","6","1139","H"
"595","6.33333333333333","C7","C","7","1840","I"
"596","6.33333333333333","C8","C","8","1596","I"
"597","6.33333333333333","C9","C","9","1838","I"
"598","6.33333333333333","C10","C","10","1755","J"
"599","6.33333333333333","C11","C","11","1786","J"
"600","6.33333333333333","C12","C","12","1885","J"
"601","6.66666666666667","A1","A","1","2273","A"
"602","6.66666666666667","A2","A","2","1930","A"
"603","6.66666666666667","A3","A","3","1962","A"
"604","6.66666666666667","A4","A","4","1006","B"
"605","6.66666666666667","A5","A","5","1020","B"
"606","6.66666666666667","A6","A","6","1118","B"
"607","6.66666666666667","A7","A","7","1018","C"
"608","6.66666666666667","A8","A","8","984","C"
"609","6.66666666666667","A9","A","9","1036","C"
"610","6.66666666666667","A10","A","10","948","D"
"611","6.66666666666667","A11","A","11","942","D"
"612","6.66666666666667","A12","A","12","1091","D"
"613","6.66666666666667","B1","B","1","868","E"
"614","6.66666666666667","B2","B","2","797","E"
"615","6.66666666666667","B3","B","3","778","E"
"616","6.66666666666667","B4","B","4","708","F"
"617","6.66666666666667","B5","B","5","744","F"
"618","6.66666666666667","B6","B","6","817","F"
"619","6.66666666666667","C1","C","1","2170","G"
"620","6.66666666666667","C2","C","2","1884","G"
"621","6.66666666666667","C3","C","3","2855",""
"622","6.66666666666667","C4","C","4","1217","H"
"623","6.66666666666667","C5","C","5","1137","H"
"624","6.66666666666667","C6","C","6","1222","H"
"625","6.66666666666667","C7","C","7","1990","I"
"626","6.66666666666667","C8","C","8","1682","I"
"627","6.66666666666667","C9","C","9","1984","I"
"628","6.66666666666667","C10","C","10","1910","J"
"629","6.66666666666667","C11","C","11","1831","J"
"630","6.66666666666667","C12","C","12","2031","J"
"631","7","A1","A","1","2370","A"
"632","7","A2","A","2","2148","A"
"633","7","A3","A","3","2141","A"
"634","7","A4","A","4","1042","B"
"635","7","A5","A","5","1071","B"
"636","7","A6","A","6","1171","B"
"637","7","A7","A","7","1029","C"
"638","7","A8","A","8","1006","C"
"639","7","A9","A","9","1083","C"
"640","7","A10","A","10","954","D"
"641","7","A11","A","11","975","D"
"642","7","A12","A","12","1119","D"
"643","7","B1","B","1","915","E"
"644","7","B2","B","2","816","E"
"645","7","B3","B","3","804","E"
"646","7","B4","B","4","731","F"
"647","7","B5","B","5","773","F"
"648","7","B6","B","6","831","F"
"649","7","C1","C","1","2155","G"
"650","7","C2","C","2","1990","G"
"651","7","C3","C","3","2822",""
"652","7","C4","C","4","1351","H"
"653","7","C5","C","5","1210","H"
"654","7","C6","C","6","1370","H"
"655","7","C7","C","7","2076","I"
"656","7","C8","C","8","1821","I"
"657","7","C9","C","9","2056","I"
"658","7","C10","C","10","2021","J"
"659","7","C11","C","11","1974","J"
"660","7","C12","C","12","2240","J"
"661","7.33333333333333","A1","A","1","2536","A"
"662","7.33333333333333","A2","A","2","2263","A"
"663","7.33333333333333","A3","A","3","2203","A"
"664","7.33333333333333","A4","A","4","1102","B"
"665","7.33333333333333","A5","A","5","1140","B"
"666","7.33333333333333","A6","A","6","1212","B"
"667","7.33333333333333","A7","A","7","1068","C"
"668","7.33333333333333","A8","A","8","1054","C"
"669","7.33333333333333","A9","A","9","1108","C"
"670","7.33333333333333","A10","A","10","1005","D"
"671","7.33333333333333","A11","A","11","1019","D"
"672","7.33333333333333","A12","A","12","1170","D"
"673","7.33333333333333","B1","B","1","915","E"
"674","7.33333333333333","B2","B","2","821","E"
"675","7.33333333333333","B3","B","3","808","E"
"676","7.33333333333333","B4","B","4","743","F"
"677","7.33333333333333","B5","B","5","793","F"
"678","7.33333333333333","B6","B","6","874","F"
"679","7.33333333333333","C1","C","1","2515","G"
"680","7.33333333333333","C2","C","2","2094","G"
"681","7.33333333333333","C3","C","3","2897",""
"682","7.33333333333333","C4","C","4","1515","H"
"683","7.33333333333333","C5","C","5","1400","H"
"684","7.33333333333333","C6","C","6","1506","H"
"685","7.33333333333333","C7","C","7","2136","I"
"686","7.33333333333333","C8","C","8","1912","I"
"687","7.33333333333333","C9","C","9","2232","I"
"688","7.33333333333333","C10","C","10","2069","J"
"689","7.33333333333333","C11","C","11","2140","J"
"690","7.33333333333333","C12","C","12","2358","J"
"691","7.66666666666667","A1","A","1","2717","A"
"692","7.66666666666667","A2","A","2","2383","A"
"693","7.66666666666667","A3","A","3","2283","A"
"694","7.66666666666667","A4","A","4","1124","B"
"695","7.66666666666667","A5","A","5","1151","B"
"696","7.66666666666667","A6","A","6","1264","B"
"697","7.66666666666667","A7","A","7","1102","C"
"698","7.66666666666667","A8","A","8","1066","C"
"699","7.66666666666667","A9","A","9","1152","C"
"700","7.66666666666667","A10","A","10","1022","D"
"701","7.66666666666667","A11","A","11","1049","D"
"702","7.66666666666667","A12","A","12","1193","D"
"703","7.66666666666667","B1","B","1","950","E"
"704","7.66666666666667","B2","B","2","841","E"
"705","7.66666666666667","B3","B","3","832","E"
"706","7.66666666666667","B4","B","4","754","F"
"707","7.66666666666667","B5","B","5","800","F"
"708","7.66666666666667","B6","B","6","876","F"
"709","7.66666666666667","C1","C","1","2611","G"
"710","7.66666666666667","C2","C","2","2180","G"
"711","7.66666666666667","C3","C","3","3037",""
"712","7.66666666666667","C4","C","4","1618","H"
"713","7.66666666666667","C5","C","5","1512","H"
"714","7.66666666666667","C6","C","6","1671","H"
"715","7.66666666666667","C7","C","7","2317","I"
"716","7.66666666666667","C8","C","8","1982","I"
"717","7.66666666666667","C9","C","9","2275","I"
"718","7.66666666666667","C10","C","10","2219","J"
"719","7.66666666666667","C11","C","11","2130","J"
"720","7.66666666666667","C12","C","12","2542","J"
"721","8","A1","A","1","2634","A"
"722","8","A2","A","2","2365","A"
"723","8","A3","A","3","2364","A"
"724","8","A4","A","4","1141","B"
"725","8","A5","A","5","1180","B"
"726","8","A6","A","6","1293","B"
"727","8","A7","A","7","1147","C"
"728","8","A8","A","8","1106","C"
"729","8","A9","A","9","1173","C"
"730","8","A10","A","10","1049","D"
"731","8","A11","A","11","1081","D"
"732","8","A12","A","12","1258","D"
"733","8","B1","B","1","965","E"
"734","8","B2","B","2","848","E"
"735","8","B3","B","3","826","E"
"736","8","B4","B","4","773","F"
"737","8","B5","B","5","813","F"
"738","8","B6","B","6","905","F"
"739","8","C1","C","1","2583","G"
"740","8","C2","C","2","2343","G"
"741","8","C3","C","3","3070",""
"742","8","C4","C","4","1784","H"
"743","8","C5","C","5","1652","H"
"744","8","C6","C","6","1793","H"
"745","8","C7","C","7","2442","I"
"746","8","C8","C","8","2088","I"
"747","8","C9","C","9","2445","I"
"748","8","C10","C","10","2249","J"
"749","8","C11","C","11","2233","J"
"750","8","C12","C","12","2467","J"
"751","8.33333333333333","A1","A","1","2747","A"
"752","8.33333333333333","A2","A","2","2358","A"
"753","8.33333333333333","A3","A","3","2500","A"
"754","8.33333333333333","A4","A","4","1180","B"
"755","8.33333333333333","A5","A","5","1207","B"
"756","8.33333333333333","A6","A","6","1322","B"
"757","8.33333333333333","A7","A","7","1165","C"
"758","8.33333333333333","A8","A","8","1109","C"
"759","8.33333333333333","A9","A","9","1196","C"
"760","8.33333333333333","A10","A","10","1088","D"
"761","8.33333333333333","A11","A","11","1117","D"
"762","8.33333333333333","A12","A","12","1261","D"
"763","8.33333333333333","B1","B","1","1000","E"
"764","8.33333333333333","B2","B","2","878","E"
"765","8.33333333333333","B3","B","3","853","E"
"766","8.33333333333333","B4","B","4","776","F"
"767","8.33333333333333","B5","B","5","835","F"
"768","8.33333333333333","B6","B","6","908","F"
"769","8.33333333333333","C1","C","1","2596","G"
"770","8.33333333333333","C2","C","2","2361","G"
"771","8.33333333333333","C3","C","3","3111",""
"772","8.33333333333333","C4","C","4","1897","H"
"773","8.33333333333333","C5","C","5","1715","H"
"774","8.33333333333333","C6","C","6","1917","H"
"775","8.33333333333333","C7","C","7","2483","I"
"776","8.33333333333333","C8","C","8","2144","I"
"777","8.33333333333333","C9","C","9","2386","I"
"778","8.33333333333333","C10","C","10","2361","J"
"779","8.33333333333333","C11","C","11","2312","J"
"780","8.33333333333333","C12","C","12","2551","J"
"781","8.66666666666667","A1","A","1","2741","A"
"782","8.66666666666667","A2","A","2","2385","A"
"783","8.66666666666667","A3","A","3","2716","A"
"784","8.66666666666667","A4","A","4","1224","B"
"785","8.66666666666667","A5","A","5","1262","B"
"786","8.66666666666667","A6","A","6","1383","B"
"787","8.66666666666667","A7","A","7","1183","C"
"788","8.66666666666667","A8","A","8","1156","C"
"789","8.66666666666667","A9","A","9","1230","C"
"790","8.66666666666667","A10","A","10","1112","D"
"791","8.66666666666667","A11","A","11","1141","D"
"792","8.66666666666667","A12","A","12","1307","D"
"793","8.66666666666667","B1","B","1","1024","E"
"794","8.66666666666667","B2","B","2","910","E"
"795","8.66666666666667","B3","B","3","879","E"
"796","8.66666666666667","B4","B","4","814","F"
"797","8.66666666666667","B5","B","5","836","F"
"798","8.66666666666667","B6","B","6","931","F"
"799","8.66666666666667","C1","C","1","2534","G"
"800","8.66666666666667","C2","C","2","2438","G"
"801","8.66666666666667","C3","C","3","3200",""
"802","8.66666666666667","C4","C","4","1924","H"
"803","8.66666666666667","C5","C","5","1822","H"
"804","8.66666666666667","C6","C","6","2004","H"
"805","8.66666666666667","C7","C","7","2647","I"
"806","8.66666666666667","C8","C","8","2270","I"
"807","8.66666666666667","C9","C","9","2526","I"
"808","8.66666666666667","C10","C","10","2428","J"
"809","8.66666666666667","C11","C","11","2431","J"
"810","8.66666666666667","C12","C","12","2496","J"
"811","9","A1","A","1","2848","A"
"812","9","A2","A","2","2410","A"
"813","9","A3","A","3","2588","A"
"814","9","A4","A","4","1286","B"
"815","9","A5","A","5","1287","B"
"816","9","A6","A","6","1407","B"
"817","9","A7","A","7","1239","C"
"818","9","A8","A","8","1188","C"
"819","9","A9","A","9","1260","C"
"820","9","A10","A","10","1151","D"
"821","9","A11","A","11","1157","D"
"822","9","A12","A","12","1345","D"
"823","9","B1","B","1","1010","E"
"824","9","B2","B","2","912","E"
"825","9","B3","B","3","878","E"
"826","9","B4","B","4","818","F"
"827","9","B5","B","5","871","F"
"828","9","B6","B","6","947","F"
"829","9","C1","C","1","2562","G"
"830","9","C2","C","2","2414","G"
"831","9","C3","C","3","2984",""
"832","9","C4","C","4","1972","H"
"833","9","C5","C","5","1849","H"
"834","9","C6","C","6","2042","H"
"835","9","C7","C","7","2620","I"
"836","9","C8","C","8","2416","I"
"837","9","C9","C","9","2869","I"
"838","9","C10","C","10","2456","J"
"839","9","C11","C","11","2476","J"
"840","9","C12","C","12","2552","J"
"841","9.33333333333333","A1","A","1","3031","A"
"842","9.33333333333333","A2","A","2","2421","A"
"843","9.33333333333333","A3","A","3","2674","A"
"844","9.33333333333333","A4","A","4","1291","B"
"845","9.33333333333333","A5","A","5","1323","B"
"846","9.33333333333333","A6","A","6","1445","B"
"847","9.33333333333333","A7","A","7","1257","C"
"848","9.33333333333333","A8","A","8","1199","C"
"849","9.33333333333333","A9","A","9","1274","C"
"850","9.33333333333333","A10","A","10","1168","D"
"851","9.33333333333333","A11","A","11","1199","D"
"852","9.33333333333333","A12","A","12","1366","D"
"853","9.33333333333333","B1","B","1","1062","E"
"854","9.33333333333333","B2","B","2","944","E"
"855","9.33333333333333","B3","B","3","900","E"
"856","9.33333333333333","B4","B","4","848","F"
"857","9.33333333333333","B5","B","5","876","F"
"858","9.33333333333333","B6","B","6","973","F"
"859","9.33333333333333","C1","C","1","2524","G"
"860","9.33333333333333","C2","C","2","2600","G"
"861","9.33333333333333","C3","C","3","3076",""
"862","9.33333333333333","C4","C","4","1993","H"
"863","9.33333333333333","C5","C","5","1890","H"
"864","9.33333333333333","C6","C","6","2091","H"
"865","9.33333333333333","C7","C","7","2795","I"
"866","9.33333333333333","C8","C","8","2475","I"
"867","9.33333333333333","C9","C","9","2748","I"
"868","9.33333333333333","C10","C","10","2656","J"
"869","9.33333333333333","C11","C","11","2499","J"
"870","9.33333333333333","C12","C","12","2576","J"
"871","9.66666666666667","A1","A","1","2890","A"
"872","9.66666666666667","A2","A","2","2477","A"
"873","9.66666666666667","A3","A","3","2704","A"
"874","9.66666666666667","A4","A","4","1329","B"
"875","9.66666666666667","A5","A","5","1374","B"
"876","9.66666666666667","A6","A","6","1495","B"
"877","9.66666666666667","A7","A","7","1297","C"
"878","9.66666666666667","A8","A","8","1234","C"
"879","9.66666666666667","A9","A","9","1313","C"
"880","9.66666666666667","A10","A","10","1181","D"
"881","9.66666666666667","A11","A","11","1221","D"
"882","9.66666666666667","A12","A","12","1405","D"
"883","9.66666666666667","B1","B","1","1100","E"
"884","9.66666666666667","B2","B","2","960","E"
"885","9.66666666666667","B3","B","3","916","E"
"886","9.66666666666667","B4","B","4","842","F"
"887","9.66666666666667","B5","B","5","891","F"
"888","9.66666666666667","B6","B","6","998","F"
"889","9.66666666666667","C1","C","1","2543","G"
"890","9.66666666666667","C2","C","2","2696","G"
"891","9.66666666666667","C3","C","3","3089",""
"892","9.66666666666667","C4","C","4","2041","H"
"893","9.66666666666667","C5","C","5","1894","H"
"894","9.66666666666667","C6","C","6","2104","H"
"895","9.66666666666667","C7","C","7","2669","I"
"896","9.66666666666667","C8","C","8","2561","I"
"897","9.66666666666667","C9","C","9","2750","I"
"898","9.66666666666667","C10","C","10","2590","J"
"899","9.66666666666667","C11","C","11","2517","J"
"900","9.66666666666667","C12","C","12","2563","J"
"901","10","A1","A","1","3175","A"
"902","10","A2","A","2","2486","A"
"903","10","A3","A","3","2873","A"
"904","10","A4","A","4","1353","B"
"905","10","A5","A","5","1406","B"
"906","10","A6","A","6","1526","B"
"907","10","A7","A","7","1342","C"
"908","10","A8","A","8","1276","C"
"909","10","A9","A","9","1353","C"
"910","10","A10","A","10","1225","D"
"911","10","A11","A","11","1283","D"
"912","10","A12","A","12","1437","D"
"913","10","B1","B","1","1120","E"
"914","10","B2","B","2","971","E"
"915","10","B3","B","3","938","E"
"916","10","B4","B","4","868","F"
"917","10","B5","B","5","930","F"
"918","10","B6","B","6","1037","F"
"919","10","C1","C","1","2490","G"
"920","10","C2","C","2","2667","G"
"921","10","C3","C","3","3057",""
"922","10","C4","C","4","2034","H"
"923","10","C5","C","5","1953","H"
"924","10","C6","C","6","2108","H"
"925","10","C7","C","7","2769","I"
"926","10","C8","C","8","2683","I"
"927","10","C9","C","9","2905","I"
"928","10","C10","C","10","2697","J"
"929","10","C11","C","11","2750","J"
"930","10","C12","C","12","2578","J"
"931","10.3333333333333","A1","A","1","3074","A"
"932","10.3333333333333","A2","A","2","2533","A"
"933","10.3333333333333","A3","A","3","2949","A"
"934","10.3333333333333","A4","A","4","1391","B"
"935","10.3333333333333","A5","A","5","1449","B"
"936","10.3333333333333","A6","A","6","1582","B"
"937","10.3333333333333","A7","A","7","1336","C"
"938","10.3333333333333","A8","A","8","1287","C"
"939","10.3333333333333","A9","A","9","1370","C"
"940","10.3333333333333","A10","A","10","1238","D"
"941","10.3333333333333","A11","A","11","1280","D"
"942","10.3333333333333","A12","A","12","1445","D"
"943","10.3333333333333","B1","B","1","1152","E"
"944","10.3333333333333","B2","B","2","1006","E"
"945","10.3333333333333","B3","B","3","952","E"
"946","10.3333333333333","B4","B","4","912","F"
"947","10.3333333333333","B5","B","5","931","F"
"948","10.3333333333333","B6","B","6","1013","F"
"949","10.3333333333333","C1","C","1","2540","G"
"950","10.3333333333333","C2","C","2","2650","G"
"951","10.3333333333333","C3","C","3","3017",""
"952","10.3333333333333","C4","C","4","2163","H"
"953","10.3333333333333","C5","C","5","1978","H"
"954","10.3333333333333","C6","C","6","2180","H"
"955","10.3333333333333","C7","C","7","2828","I"
"956","10.3333333333333","C8","C","8","2647","I"
"957","10.3333333333333","C9","C","9","3010","I"
"958","10.3333333333333","C10","C","10","2822","J"
"959","10.3333333333333","C11","C","11","2770","J"
"960","10.3333333333333","C12","C","12","2684","J"
"961","10.6666666666667","A1","A","1","3087","A"
"962","10.6666666666667","A2","A","2","2703","A"
"963","10.6666666666667","A3","A","3","2943","A"
"964","10.6666666666667","A4","A","4","1418","B"
"965","10.6666666666667","A5","A","5","1478","B"
"966","10.6666666666667","A6","A","6","1613","B"
"967","10.6666666666667","A7","A","7","1390","C"
"968","10.6666666666667","A8","A","8","1349","C"
"969","10.6666666666667","A9","A","9","1405","C"
"970","10.6666666666667","A10","A","10","1275","D"
"971","10.6666666666667","A11","A","11","1316","D"
"972","10.6666666666667","A12","A","12","1493","D"
"973","10.6666666666667","B1","B","1","1160","E"
"974","10.6666666666667","B2","B","2","1031","E"
"975","10.6666666666667","B3","B","3","984","E"
"976","10.6666666666667","B4","B","4","891","F"
"977","10.6666666666667","B5","B","5","938","F"
"978","10.6666666666667","B6","B","6","1057","F"
"979","10.6666666666667","C1","C","1","2593","G"
"980","10.6666666666667","C2","C","2","2798","G"
"981","10.6666666666667","C3","C","3","3088",""
"982","10.6666666666667","C4","C","4","2139","H"
"983","10.6666666666667","C5","C","5","1971","H"
"984","10.6666666666667","C6","C","6","2119","H"
"985","10.6666666666667","C7","C","7","2934","I"
"986","10.6666666666667","C8","C","8","2754","I"
"987","10.6666666666667","C9","C","9","2931","I"
"988","10.6666666666667","C10","C","10","2829","J"
"989","10.6666666666667","C11","C","11","2856","J"
"990","10.6666666666667","C12","C","12","2549","J"
"991","11","A1","A","1","3134","A"
"992","11","A2","A","2","2689","A"
"993","11","A3","A","3","2915","A"
"994","11","A4","A","4","1472","B"
"995","11","A5","A","5","1522","B"
"996","11","A6","A","6","1655","B"
"997","11","A7","A","7","1421","C"
"998","11","A8","A","8","1379","C"
"999","11","A9","A","9","1448","C"
"1000","11","A10","A","10","1323","D"
"1001","11","A11","A","11","1368","D"
"1002","11","A12","A","12","1495","D"
"1003","11","B1","B","1","1206","E"
"1004","11","B2","B","2","1047","E"
"1005","11","B3","B","3","988","E"
"1006","11","B4","B","4","952","F"
"1007","11","B5","B","5","974","F"
"1008","11","B6","B","6","1068","F"
"1009","11","C1","C","1","2735","G"
"1010","11","C2","C","2","2677","G"
"1011","11","C3","C","3","3181",""
"1012","11","C4","C","4","2146","H"
"1013","11","C5","C","5","2018","H"
"1014","11","C6","C","6","2245","H"
"1015","11","C7","C","7","2916","I"
"1016","11","C8","C","8","2793","I"
"1017","11","C9","C","9","2920","I"
"1018","11","C10","C","10","2816","J"
"1019","11","C11","C","11","2749","J"
"1020","11","C12","C","12","2597","J"
"1021","11.3333333333333","A1","A","1","3193","A"
"1022","11.3333333333333","A2","A","2","2891","A"
"1023","11.3333333333333","A3","A","3","3059","A"
"1024","11.3333333333333","A4","A","4","1528","B"
"1025","11.3333333333333","A5","A","5","1550","B"
"1026","11.3333333333333","A6","A","6","1686","B"
"1027","11.3333333333333","A7","A","7","1470","C"
"1028","11.3333333333333","A8","A","8","1401","C"
"1029","11.3333333333333","A9","A","9","1492","C"
"1030","11.3333333333333","A10","A","10","1347","D"
"1031","11.3333333333333","A11","A","11","1407","D"
"1032","11.3333333333333","A12","A","12","1546","D"
"1033","11.3333333333333","B1","B","1","1240","E"
"1034","11.3333333333333","B2","B","2","1071","E"
"1035","11.3333333333333","B3","B","3","1002","E"
"1036","11.3333333333333","B4","B","4","950","F"
"1037","11.3333333333333","B5","B","5","985","F"
"1038","11.3333333333333","B6","B","6","1079","F"
"1039","11.3333333333333","C1","C","1","2829","G"
"1040","11.3333333333333","C2","C","2","2758","G"
"1041","11.3333333333333","C3","C","3","3152",""
"1042","11.3333333333333","C4","C","4","2181","H"
"1043","11.3333333333333","C5","C","5","2010","H"
"1044","11.3333333333333","C6","C","6","2242","H"
"1045","11.3333333333333","C7","C","7","3046","I"
"1046","11.3333333333333","C8","C","8","2854","I"
"1047","11.3333333333333","C9","C","9","3037","I"
"1048","11.3333333333333","C10","C","10","3001","J"
"1049","11.3333333333333","C11","C","11","2884","J"
"1050","11.3333333333333","C12","C","12","2754","J"
"1051","11.6666666666667","A1","A","1","2932","A"
"1052","11.6666666666667","A2","A","2","2859","A"
"1053","11.6666666666667","A3","A","3","3132","A"
"1054","11.6666666666667","A4","A","4","1568","B"
"1055","11.6666666666667","A5","A","5","1610","B"
"1056","11.6666666666667","A6","A","6","1730","B"
"1057","11.6666666666667","A7","A","7","1502","C"
"1058","11.6666666666667","A8","A","8","1416","C"
"1059","11.6666666666667","A9","A","9","1530","C"
"1060","11.6666666666667","A10","A","10","1419","D"
"1061","11.6666666666667","A11","A","11","1421","D"
"1062","11.6666666666667","A12","A","12","1586","D"
"1063","11.6666666666667","B1","B","1","1261","E"
"1064","11.6666666666667","B2","B","2","1102","E"
"1065","11.6666666666667","B3","B","3","1030","E"
"1066","11.6666666666667","B4","B","4","963","F"
"1067","11.6666666666667","B5","B","5","1003","F"
"1068","11.6666666666667","B6","B","6","1130","F"
"1069","11.6666666666667","C1","C","1","2806","G"
"1070","11.6666666666667","C2","C","2","2754","G"
"1071","11.6666666666667","C3","C","3","3199",""
"1072","11.6666666666667","C4","C","4","2158","H"
"1073","11.6666666666667","C5","C","5","2102","H"
"1074","11.6666666666667","C6","C","6","2208","H"
"1075","11.6666666666667","C7","C","7","3048","I"
"1076","11.6666666666667","C8","C","8","3138","I"
"1077","11.6666666666667","C9","C","9","3053","I"
"1078","11.6666666666667","C10","C","10","2890","J"
"1079","11.6666666666667","C11","C","11","2956","J"
"1080","11.6666666666667","C12","C","12","2648","J"
"1081","12","A1","A","1","3074","A"
"1082","12","A2","A","2","2959","A"
"1083","12","A3","A","3","3054","A"
"1084","12","A4","A","4","1600","B"
"1085","12","A5","A","5","1644","B"
"1086","12","A6","A","6","1784","B"
"1087","12","A7","A","7","1525","C"
"1088","12","A8","A","8","1462","C"
"1089","12","A9","A","9","1537","C"
"1090","12","A10","A","10","1436","D"
"1091","12","A11","A","11","1460","D"
"1092","12","A12","A","12","1602","D"
"1093","12","B1","B","1","1276","E"
"1094","12","B2","B","2","1111","E"
"1095","12","B3","B","3","1050","E"
"1096","12","B4","B","4","989","F"
"1097","12","B5","B","5","1014","F"
"1098","12","B6","B","6","1152","F"
"1099","12","C1","C","1","2816","G"
"1100","12","C2","C","2","2840","G"
"1101","12","C3","C","3","3246",""
"1102","12","C4","C","4","2193","H"
"1103","12","C5","C","5","2027","H"
"1104","12","C6","C","6","2256","H"
"1105","12","C7","C","7","3179","I"
"1106","12","C8","C","8","2999","I"
"1107","12","C9","C","9","3158","I"
"1108","12","C10","C","10","2863","J"
"1109","12","C11","C","11","3034","J"
"1110","12","C12","C","12","2609","J"
"1111","12.3333333333333","A1","A","1","2942","A"
"1112","12.3333333333333","A2","A","2","2986","A"
"1113","12.3333333333333","A3","A","3","3186","A"
"1114","12.3333333333333","A4","A","4","1644","B"
"1115","12.3333333333333","A5","A","5","1700","B"
"1116","12.3333333333333","A6","A","6","1774","B"
"1117","12.3333333333333","A7","A","7","1543","C"
"1118","12.3333333333333","A8","A","8","1457","C"
"1119","12.3333333333333","A9","A","9","1547","C"
"1120","12.3333333333333","A10","A","10","1448","D"
"1121","12.3333333333333","A11","A","11","1493","D"
"1122","12.3333333333333","A12","A","12","1623","D"
"1123","12.3333333333333","B1","B","1","1327","E"
"1124","12.3333333333333","B2","B","2","1144","E"
"1125","12.3333333333333","B3","B","3","1077","E"
"1126","12.3333333333333","B4","B","4","1024","F"
"1127","12.3333333333333","B5","B","5","1060","F"
"1128","12.3333333333333","B6","B","6","1151","F"
"1129","12.3333333333333","C1","C","1","2863","G"
"1130","12.3333333333333","C2","C","2","2835","G"
"1131","12.3333333333333","C3","C","3","3344",""
"1132","12.3333333333333","C4","C","4","2184","H"
"1133","12.3333333333333","C5","C","5","2112","H"
"1134","12.3333333333333","C6","C","6","2322","H"
"1135","12.3333333333333","C7","C","7","3102","I"
"1136","12.3333333333333","C8","C","8","3076","I"
"1137","12.3333333333333","C9","C","9","3117","I"
"1138","12.3333333333333","C10","C","10","2896","J"
"1139","12.3333333333333","C11","C","11","3054","J"
"1140","12.3333333333333","C12","C","12","2613","J"
"1141","12.6666666666667","A1","A","1","2912","A"
"1142","12.6666666666667","A2","A","2","3034","A"
"1143","12.6666666666667","A3","A","3","3370","A"
"1144","12.6666666666667","A4","A","4","1673","B"
"1145","12.6666666666667","A5","A","5","1690","B"
"1146","12.6666666666667","A6","A","6","1860","B"
"1147","12.6666666666667","A7","A","7","1590","C"
"1148","12.6666666666667","A8","A","8","1517","C"
"1149","12.6666666666667","A9","A","9","1618","C"
"1150","12.6666666666667","A10","A","10","1471","D"
"1151","12.6666666666667","A11","A","11","1505","D"
"1152","12.6666666666667","A12","A","12","1654","D"
"1153","12.6666666666667","B1","B","1","1336","E"
"1154","12.6666666666667","B2","B","2","1156","E"
"1155","12.6666666666667","B3","B","3","1123","E"
"1156","12.6666666666667","B4","B","4","1049","F"
"1157","12.6666666666667","B5","B","5","1079","F"
"1158","12.6666666666667","B6","B","6","1197","F"
"1159","12.6666666666667","C1","C","1","2934","G"
"1160","12.6666666666667","C2","C","2","2863","G"
"1161","12.6666666666667","C3","C","3","3329",""
"1162","12.6666666666667","C4","C","4","2223","H"
"1163","12.6666666666667","C5","C","5","2045","H"
"1164","12.6666666666667","C6","C","6","2275","H"
"1165","12.6666666666667","C7","C","7","3264","I"
"1166","12.6666666666667","C8","C","8","3028","I"
"1167","12.6666666666667","C9","C","9","3130","I"
"1168","12.6666666666667","C10","C","10","2812","J"
"1169","12.6666666666667","C11","C","11","3055","J"
"1170","12.6666666666667","C12","C","12","2602","J"
"1171","13","A1","A","1","2931","A"
"1172","13","A2","A","2","3015","A"
"1173","13","A3","A","3","3277","A"
"1174","13","A4","A","4","1704","B"
"1175","13","A5","A","5","1757","B"
"1176","13","A6","A","6","1883","B"
"1177","13","A7","A","7","1625","C"
"1178","13","A8","A","8","1522","C"
"1179","13","A9","A","9","1656","C"
"1180","13","A10","A","10","1495","D"
"1181","13","A11","A","11","1521","D"
"1182","13","A12","A","12","1668","D"
"1183","13","B1","B","1","1363","E"
"1184","13","B2","B","2","1211","E"
"1185","13","B3","B","3","1116","E"
"1186","13","B4","B","4","1060","F"
"1187","13","B5","B","5","1090","F"
"1188","13","B6","B","6","1215","F"
"1189","13","C1","C","1","2955","G"
"1190","13","C2","C","2","2982","G"
"1191","13","C3","C","3","3415",""
"1192","13","C4","C","4","2206","H"
"1193","13","C5","C","5","2115","H"
"1194","13","C6","C","6","2314","H"
"1195","13","C7","C","7","3320","I"
"1196","13","C8","C","8","3156","I"
"1197","13","C9","C","9","3251","I"
"1198","13","C10","C","10","2944","J"
"1199","13","C11","C","11","2978","J"
"1200","13","C12","C","12","2578","J"
"1201","13.3333333333333","A1","A","1","2918","A"
"1202","13.3333333333333","A2","A","2","3118","A"
"1203","13.3333333333333","A3","A","3","3271","A"
"1204","13.3333333333333","A4","A","4","1731","B"
"1205","13.3333333333333","A5","A","5","1801","B"
"1206","13.3333333333333","A6","A","6","1902","B"
"1207","13.3333333333333","A7","A","7","1629","C"
"1208","13.3333333333333","A8","A","8","1547","C"
"1209","13.3333333333333","A9","A","9","1640","C"
"1210","13.3333333333333","A10","A","10","1496","D"
"1211","13.3333333333333","A11","A","11","1554","D"
"1212","13.3333333333333","A12","A","12","1737","D"
"1213","13.3333333333333","B1","B","1","1416","E"
"1214","13.3333333333333","B2","B","2","1199","E"
"1215","13.3333333333333","B3","B","3","1136","E"
"1216","13.3333333333333","B4","B","4","1086","F"
"1217","13.3333333333333","B5","B","5","1118","F"
"1218","13.3333333333333","B6","B","6","1240","F"
"1219","13.3333333333333","C1","C","1","2940","G"
"1220","13.3333333333333","C2","C","2","2968","G"
"1221","13.3333333333333","C3","C","3","3495",""
"1222","13.3333333333333","C4","C","4","2230","H"
"1223","13.3333333333333","C5","C","5","2174","H"
"1224","13.3333333333333","C6","C","6","2321","H"
"1225","13.3333333333333","C7","C","7","3457","I"
"1226","13.3333333333333","C8","C","8","3239","I"
"1227","13.3333333333333","C9","C","9","3320","I"
"1228","13.3333333333333","C10","C","10","3024","J"
"1229","13.3333333333333","C11","C","11","2874","J"
"1230","13.3333333333333","C12","C","12","2689","J"
"1231","13.6666666666667","A1","A","1","2844","A"
"1232","13.6666666666667","A2","A","2","3031","A"
"1233","13.6666666666667","A3","A","3","3279","A"
"1234","13.6666666666667","A4","A","4","1778","B"
"1235","13.6666666666667","A5","A","5","1802","B"
"1236","13.6666666666667","A6","A","6","1934","B"
"1237","13.6666666666667","A7","A","7","1674","C"
"1238","13.6666666666667","A8","A","8","1608","C"
"1239","13.6666666666667","A9","A","9","1676","C"
"1240","13.6666666666667","A10","A","10","1540","D"
"1241","13.6666666666667","A11","A","11","1579","D"
"1242","13.6666666666667","A12","A","12","1734","D"
"1243","13.6666666666667","B1","B","1","1405","E"
"1244","13.6666666666667","B2","B","2","1239","E"
"1245","13.6666666666667","B3","B","3","1182","E"
"1246","13.6666666666667","B4","B","4","1108","F"
"1247","13.6666666666667","B5","B","5","1146","F"
"1248","13.6666666666667","B6","B","6","1257","F"
"1249","13.6666666666667","C1","C","1","2886","G"
"1250","13.6666666666667","C2","C","2","2820","G"
"1251","13.6666666666667","C3","C","3","3452",""
"1252","13.6666666666667","C4","C","4","2247","H"
"1253","13.6666666666667","C5","C","5","2172","H"
"1254","13.6666666666667","C6","C","6","2371","H"
"1255","13.6666666666667","C7","C","7","3378","I"
"1256","13.6666666666667","C8","C","8","3462","I"
"1257","13.6666666666667","C9","C","9","3329","I"
"1258","13.6666666666667","C10","C","10","2913","J"
"1259","13.6666666666667","C11","C","11","2904","J"
"1260","13.6666666666667","C12","C","12","2662","J"
"1261","14","A1","A","1","2851","A"
"1262","14","A2","A","2","2982","A"
"1263","14","A3","A","3","3345","A"
"1264","14","A4","A","4","1807","B"
"1265","14","A5","A","5","1838","B"
"1266","14","A6","A","6","2017","B"
"1267","14","A7","A","7","1696","C"
"1268","14","A8","A","8","1611","C"
"1269","14","A9","A","9","1720","C"
"1270","14","A10","A","10","1556","D"
"1271","14","A11","A","11","1635","D"
"1272","14","A12","A","12","1768","D"
"1273","14","B1","B","1","1425","E"
"1274","14","B2","B","2","1246","E"
"1275","14","B3","B","3","1184","E"
"1276","14","B4","B","4","1135","F"
"1277","14","B5","B","5","1141","F"
"1278","14","B6","B","6","1261","F"
"1279","14","C1","C","1","2914","G"
"1280","14","C2","C","2","2765","G"
"1281","14","C3","C","3","3457",""
"1282","14","C4","C","4","2295","H"
"1283","14","C5","C","5","2116","H"
"1284","14","C6","C","6","2389","H"
"1285","14","C7","C","7","3330","I"
"1286","14","C8","C","8","3461","I"
"1287","14","C9","C","9","3405","I"
"1288","14","C10","C","10","3030","J"
"1289","14","C11","C","11","2856","J"
"1290","14","C12","C","12","2614","J"
"1291","14.3333333333333","A1","A","1","2825","A"
"1292","14.3333333333333","A2","A","2","3126","A"
"1293","14.3333333333333","A3","A","3","3244","A"
"1294","14.3333333333333","A4","A","4","1850","B"
"1295","14.3333333333333","A5","A","5","1885","B"
"1296","14.3333333333333","A6","A","6","2076","B"
"1297","14.3333333333333","A7","A","7","1700","C"
"1298","14.3333333333333","A8","A","8","1608","C"
"1299","14.3333333333333","A9","A","9","1726","C"
"1300","14.3333333333333","A10","A","10","1617","D"
"1301","14.3333333333333","A11","A","11","1650","D"
"1302","14.3333333333333","A12","A","12","1774","D"
"1303","14.3333333333333","B1","B","1","1456","E"
"1304","14.3333333333333","B2","B","2","1301","E"
"1305","14.3333333333333","B3","B","3","1228","E"
"1306","14.3333333333333","B4","B","4","1153","F"
"1307","14.3333333333333","B5","B","5","1154","F"
"1308","14.3333333333333","B6","B","6","1291","F"
"1309","14.3333333333333","C1","C","1","2941","G"
"1310","14.3333333333333","C2","C","2","2867","G"
"1311","14.3333333333333","C3","C","3","3424",""
"1312","14.3333333333333","C4","C","4","2319","H"
"1313","14.3333333333333","C5","C","5","2221","H"
"1314","14.3333333333333","C6","C","6","2449","H"
"1315","14.3333333333333","C7","C","7","3531","I"
"1316","14.3333333333333","C8","C","8","3382","I"
"1317","14.3333333333333","C9","C","9","3476","I"
"1318","14.3333333333333","C10","C","10","2969","J"
"1319","14.3333333333333","C11","C","11","2897","J"
"1320","14.3333333333333","C12","C","12","2626","J"
"1321","14.6666666666667","A1","A","1","2883","A"
"1322","14.6666666666667","A2","A","2","3159","A"
"1323","14.6666666666667","A3","A","3","3353","A"
"1324","14.6666666666667","A4","A","4","1890","B"
"1325","14.6666666666667","A5","A","5","1917","B"
"1326","14.6666666666667","A6","A","6","2097","B"
"1327","14.6666666666667","A7","A","7","1723","C"
"1328","14.6666666666667","A8","A","8","1652","C"
"1329","14.6666666666667","A9","A","9","1770","C"
"1330","14.6666666666667","A10","A","10","1590","D"
"1331","14.6666666666667","A11","A","11","1692","D"
"1332","14.6666666666667","A12","A","12","1813","D"
"1333","14.6666666666667","B1","B","1","1470","E"
"1334","14.6666666666667","B2","B","2","1328","E"
"1335","14.6666666666667","B3","B","3","1234","E"
"1336","14.6666666666667","B4","B","4","1173","F"
"1337","14.6666666666667","B5","B","5","1184","F"
"1338","14.6666666666667","B6","B","6","1313","F"
"1339","14.6666666666667","C1","C","1","2920","G"
"1340","14.6666666666667","C2","C","2","2935","G"
"1341","14.6666666666667","C3","C","3","3333",""
"1342","14.6666666666667","C4","C","4","2322","H"
"1343","14.6666666666667","C5","C","5","2216","H"
"1344","14.6666666666667","C6","C","6","2394","H"
"1345","14.6666666666667","C7","C","7","3582","I"
"1346","14.6666666666667","C8","C","8","3582","I"
"1347","14.6666666666667","C9","C","9","3472","I"
"1348","14.6666666666667","C10","C","10","2944","J"
"1349","14.6666666666667","C11","C","11","2907","J"
"1350","14.6666666666667","C12","C","12","2649","J"
"1351","15","A1","A","1","2924","A"
"1352","15","A2","A","2","3004","A"
"1353","15","A3","A","3","3371","A"
"1354","15","A4","A","4","1943","B"
"1355","15","A5","A","5","1997","B"
"1356","15","A6","A","6","2138","B"
"1357","15","A7","A","7","1799","C"
"1358","15","A8","A","8","1704","C"
"1359","15","A9","A","9","1772","C"
"1360","15","A10","A","10","1665","D"
"1361","15","A11","A","11","1667","D"
"1362","15","A12","A","12","1845","D"
"1363","15","B1","B","1","1517","E"
"1364","15","B2","B","2","1342","E"
"1365","15","B3","B","3","1269","E"
"1366","15","B4","B","4","1199","F"
"1367","15","B5","B","5","1249","F"
"1368","15","B6","B","6","1380","F"
"1369","15","C1","C","1","2864","G"
"1370","15","C2","C","2","2888","G"
"1371","15","C3","C","3","3331",""
"1372","15","C4","C","4","2362","H"
"1373","15","C5","C","5","2237","H"
"1374","15","C6","C","6","2353","H"
"1375","15","C7","C","7","3567","I"
"1376","15","C8","C","8","3564","I"
"1377","15","C9","C","9","3453","I"
"1378","15","C10","C","10","2995","J"
"1379","15","C11","C","11","2849","J"
"1380","15","C12","C","12","2619","J"
"1381","15.3333333333333","A1","A","1","2842","A"
"1382","15.3333333333333","A2","A","2","3020","A"
"1383","15.3333333333333","A3","A","3","3407","A"
"1384","15.3333333333333","A4","A","4","1953","B"
"1385","15.3333333333333","A5","A","5","1994","B"
"1386","15.3333333333333","A6","A","6","2167","B"
"1387","15.3333333333333","A7","A","7","1817","C"
"1388","15.3333333333333","A8","A","8","1746","C"
"1389","15.3333333333333","A9","A","9","1810","C"
"1390","15.3333333333333","A10","A","10","1667","D"
"1391","15.3333333333333","A11","A","11","1700","D"
"1392","15.3333333333333","A12","A","12","1869","D"
"1393","15.3333333333333","B1","B","1","1575","E"
"1394","15.3333333333333","B2","B","2","1357","E"
"1395","15.3333333333333","B3","B","3","1281","E"
"1396","15.3333333333333","B4","B","4","1218","F"
"1397","15.3333333333333","B5","B","5","1261","F"
"1398","15.3333333333333","B6","B","6","1371","F"
"1399","15.3333333333333","C1","C","1","2973","G"
"1400","15.3333333333333","C2","C","2","3036","G"
"1401","15.3333333333333","C3","C","3","3307",""
"1402","15.3333333333333","C4","C","4","2257","H"
"1403","15.3333333333333","C5","C","5","2182","H"
"1404","15.3333333333333","C6","C","6","2329","H"
"1405","15.3333333333333","C7","C","7","3501","I"
"1406","15.3333333333333","C8","C","8","3694","I"
"1407","15.3333333333333","C9","C","9","3510","I"
"1408","15.3333333333333","C10","C","10","3027","J"
"1409","15.3333333333333","C11","C","11","2912","J"
"1410","15.3333333333333","C12","C","12","2618","J"
"1411","15.6666666666667","A1","A","1","2947","A"
"1412","15.6666666666667","A2","A","2","3043","A"
"1413","15.6666666666667","A3","A","3","3424","A"
"1414","15.6666666666667","A4","A","4","2011","B"
"1415","15.6666666666667","A5","A","5","2061","B"
"1416","15.6666666666667","A6","A","6","2202","B"
"1417","15.6666666666667","A7","A","7","1859","C"
"1418","15.6666666666667","A8","A","8","1708","C"
"1419","15.6666666666667","A9","A","9","1853","C"
"1420","15.6666666666667","A10","A","10","1691","D"
"1421","15.6666666666667","A11","A","11","1751","D"
"1422","15.6666666666667","A12","A","12","1919","D"
"1423","15.6666666666667","B1","B","1","1589","E"
"1424","15.6666666666667","B2","B","2","1415","E"
"1425","15.6666666666667","B3","B","3","1301","E"
"1426","15.6666666666667","B4","B","4","1258","F"
"1427","15.6666666666667","B5","B","5","1278","F"
"1428","15.6666666666667","B6","B","6","1420","F"
"1429","15.6666666666667","C1","C","1","2893","G"
"1430","15.6666666666667","C2","C","2","2965","G"
"1431","15.6666666666667","C3","C","3","3253",""
"1432","15.6666666666667","C4","C","4","2240","H"
"1433","15.6666666666667","C5","C","5","2202","H"
"1434","15.6666666666667","C6","C","6","2320","H"
"1435","15.6666666666667","C7","C","7","3521","I"
"1436","15.6666666666667","C8","C","8","3608","I"
"1437","15.6666666666667","C9","C","9","3545","I"
"1438","15.6666666666667","C10","C","10","3049","J"
"1439","15.6666666666667","C11","C","11","2824","J"
"1440","15.6666666666667","C12","C","12","2648","J"
"1441","16","A1","A","1","2990","A"
"1442","16","A2","A","2","3058","A"
"1443","16","A3","A","3","3482","A"
"1444","16","A4","A","4","2048","B"
"1445","16","A5","A","5","2075","B"
"1446","16","A6","A","6","2203","B"
"1447","16","A7","A","7","1869","C"
"1448","16","A8","A","8","1768","C"
"1449","16","A9","A","9","1857","C"
"1450","16","A10","A","10","1704","D"
"1451","16","A11","A","11","1774","D"
"1452","16","A12","A","12","1955","D"
"1453","16","B1","B","1","1606","E"
"1454","16","B2","B","2","1401","E"
"1455","16","B3","B","3","1322","E"
"1456","16","B4","B","4","1239","F"
"1457","16","B5","B","5","1299","F"
"1458","16","B6","B","6","1438","F"
"1459","16","C1","C","1","2799","G"
"1460","16","C2","C","2","3002","G"
"1461","16","C3","C","3","3291",""
"1462","16","C4","C","4","2211","H"
"1463","16","C5","C","5","2204","H"
"1464","16","C6","C","6","2285","H"
"1465","16","C7","C","7","3564","I"
"1466","16","C8","C","8","3631","I"
"1467","16","C9","C","9","3488","I"
"1468","16","C10","C","10","2952","J"
"1469","16","C11","C","11","2754","J"
"1470","16","C12","C","12","2651","J"
"1471","16.3333333333333","A1","A","1","3026","A"
"1472","16.3333333333333","A2","A","2","3161","A"
"1473","16.3333333333333","A3","A","3","3377","A"
"1474","16.3333333333333","A4","A","4","2061","B"
"1475","16.3333333333333","A5","A","5","2113","B"
"1476","16.3333333333333","A6","A","6","2211","B"
"1477","16.3333333333333","A7","A","7","1901","C"
"1478","16.3333333333333","A8","A","8","1788","C"
"1479","16.3333333333333","A9","A","9","1902","C"
"1480","16.3333333333333","A10","A","10","1722","D"
"1481","16.3333333333333","A11","A","11","1769","D"
"1482","16.3333333333333","A12","A","12","1963","D"
"1483","16.3333333333333","B1","B","1","1612","E"
"1484","16.3333333333333","B2","B","2","1436","E"
"1485","16.3333333333333","B3","B","3","1368","E"
"1486","16.3333333333333","B4","B","4","1286","F"
"1487","16.3333333333333","B5","B","5","1302","F"
"1488","16.3333333333333","B6","B","6","1473","F"
"1489","16.3333333333333","C1","C","1","2743","G"
"1490","16.3333333333333","C2","C","2","3056","G"
"1491","16.3333333333333","C3","C","3","3314",""
"1492","16.3333333333333","C4","C","4","2257","H"
"1493","16.3333333333333","C5","C","5","2128","H"
"1494","16.3333333333333","C6","C","6","2307","H"
"1495","16.3333333333333","C7","C","7","3490","I"
"1496","16.3333333333333","C8","C","8","3664","I"
"1497","16.3333333333333","C9","C","9","3459","I"
"1498","16.3333333333333","C10","C","10","2929","J"
"1499","16.3333333333333","C11","C","11","2795","J"
"1500","16.3333333333333","C12","C","12","2682","J"
"1501","16.6666666666667","A1","A","1","2981","A"
"1502","16.6666666666667","A2","A","2","3073","A"
"1503","16.6666666666667","A3","A","3","3344","A"
"1504","16.6666666666667","A4","A","4","2066","B"
"1505","16.6666666666667","A5","A","5","2129","B"
"1506","16.6666666666667","A6","A","6","2287","B"
"1507","16.6666666666667","A7","A","7","1913","C"
"1508","16.6666666666667","A8","A","8","1821","C"
"1509","16.6666666666667","A9","A","9","1915","C"
"1510","16.6666666666667","A10","A","10","1749","D"
"1511","16.6666666666667","A11","A","11","1804","D"
"1512","16.6666666666667","A12","A","12","1998","D"
"1513","16.6666666666667","B1","B","1","1657","E"
"1514","16.6666666666667","B2","B","2","1452","E"
"1515","16.6666666666667","B3","B","3","1362","E"
"1516","16.6666666666667","B4","B","4","1302","F"
"1517","16.6666666666667","B5","B","5","1328","F"
"1518","16.6666666666667","B6","B","6","1516","F"
"1519","16.6666666666667","C1","C","1","2749","G"
"1520","16.6666666666667","C2","C","2","3056","G"
"1521","16.6666666666667","C3","C","3","3247",""
"1522","16.6666666666667","C4","C","4","2265","H"
"1523","16.6666666666667","C5","C","5","2120","H"
"1524","16.6666666666667","C6","C","6","2308","H"
"1525","16.6666666666667","C7","C","7","3547","I"
"1526","16.6666666666667","C8","C","8","3691","I"
"1527","16.6666666666667","C9","C","9","3444","I"
"1528","16.6666666666667","C10","C","10","2900","J"
"1529","16.6666666666667","C11","C","11","2699","J"
"1530","16.6666666666667","C12","C","12","2752","J"
"1531","17","A1","A","1","3042","A"
"1532","17","A2","A","2","3072","A"
"1533","17","A3","A","3","3228","A"
"1534","17","A4","A","4","2114","B"
"1535","17","A5","A","5","2145","B"
"1536","17","A6","A","6","2309","B"
"1537","17","A7","A","7","1953","C"
"1538","17","A8","A","8","1845","C"
"1539","17","A9","A","9","1961","C"
"1540","17","A10","A","10","1807","D"
"1541","17","A11","A","11","1826","D"
"1542","17","A12","A","12","2024","D"
"1543","17","B1","B","1","1639","E"
"1544","17","B2","B","2","1495","E"
"1545","17","B3","B","3","1423","E"
"1546","17","B4","B","4","1330","F"
"1547","17","B5","B","5","1365","F"
"1548","17","B6","B","6","1494","F"
"1549","17","C1","C","1","2720","G"
"1550","17","C2","C","2","3008","G"
"1551","17","C3","C","3","3312",""
"1552","17","C4","C","4","2254","H"
"1553","17","C5","C","5","2135","H"
"1554","17","C6","C","6","2292","H"
"1555","17","C7","C","7","3627","I"
"1556","17","C8","C","8","3661","I"
"1557","17","C9","C","9","3510","I"
"1558","17","C10","C","10","2868","J"
"1559","17","C11","C","11","2745","J"
"1560","17","C12","C","12","2694","J"
"1561","17.3333333333333","A1","A","1","3020","A"
"1562","17.3333333333333","A2","A","2","3143","A"
"1563","17.3333333333333","A3","A","3","3245","A"
"1564","17.3333333333333","A4","A","4","2177","B"
"1565","17.3333333333333","A5","A","5","2223","B"
"1566","17.3333333333333","A6","A","6","2341","B"
"1567","17.3333333333333","A7","A","7","2002","C"
"1568","17.3333333333333","A8","A","8","1918","C"
"1569","17.3333333333333","A9","A","9","2001","C"
"1570","17.3333333333333","A10","A","10","1808","D"
"1571","17.3333333333333","A11","A","11","1892","D"
"1572","17.3333333333333","A12","A","12","2004","D"
"1573","17.3333333333333","B1","B","1","1717","E"
"1574","17.3333333333333","B2","B","2","1503","E"
"1575","17.3333333333333","B3","B","3","1447","E"
"1576","17.3333333333333","B4","B","4","1369","F"
"1577","17.3333333333333","B5","B","5","1369","F"
"1578","17.3333333333333","B6","B","6","1555","F"
"1579","17.3333333333333","C1","C","1","2735","G"
"1580","17.3333333333333","C2","C","2","3058","G"
"1581","17.3333333333333","C3","C","3","3304",""
"1582","17.3333333333333","C4","C","4","2243","H"
"1583","17.3333333333333","C5","C","5","2178","H"
"1584","17.3333333333333","C6","C","6","2347","H"
"1585","17.3333333333333","C7","C","7","3493","I"
"1586","17.3333333333333","C8","C","8","3684","I"
"1587","17.3333333333333","C9","C","9","3477","I"
"1588","17.3333333333333","C10","C","10","2851","J"
"1589","17.3333333333333","C11","C","11","2782","J"
"1590","17.3333333333333","C12","C","12","2745","J"
"1591","17.6666666666667","A1","A","1","2979","A"
"1592","17.6666666666667","A2","A","2","3134","A"
"1593","17.6666666666667","A3","A","3","3144","A"
"1594","17.6666666666667","A4","A","4","2160","B"
"1595","17.6666666666667","A5","A","5","2243","B"
"1596","17.6666666666667","A6","A","6","2420","B"
"1597","17.6666666666667","A7","A","7","2009","C"
"1598","17.6666666666667","A8","A","8","1954","C"
"1599","17.6666666666667","A9","A","9","2026","C"
"1600","17.6666666666667","A10","A","10","1865","D"
"1601","17.6666666666667","A11","A","11","1908","D"
"1602","17.6666666666667","A12","A","12","2078","D"
"1603","17.6666666666667","B1","B","1","1738","E"
"1604","17.6666666666667","B2","B","2","1527","E"
"1605","17.6666666666667","B3","B","3","1461","E"
"1606","17.6666666666667","B4","B","4","1393","F"
"1607","17.6666666666667","B5","B","5","1387","F"
"1608","17.6666666666667","B6","B","6","1544","F"
"1609","17.6666666666667","C1","C","1","2659","G"
"1610","17.6666666666667","C2","C","2","3043","G"
"1611","17.6666666666667","C3","C","3","3309",""
"1612","17.6666666666667","C4","C","4","2244","H"
"1613","17.6666666666667","C5","C","5","2165","H"
"1614","17.6666666666667","C6","C","6","2326","H"
"1615","17.6666666666667","C7","C","7","3544","I"
"1616","17.6666666666667","C8","C","8","3651","I"
"1617","17.6666666666667","C9","C","9","3531","I"
"1618","17.6666666666667","C10","C","10","2909","J"
"1619","17.6666666666667","C11","C","11","2700","J"
"1620","17.6666666666667","C12","C","12","2771","J"
"1621","18","A1","A","1","2916","A"
"1622","18","A2","A","2","3105","A"
"1623","18","A3","A","3","3089","A"
"1624","18","A4","A","4","2250","B"
"1625","18","A5","A","5","2301","B"
"1626","18","A6","A","6","2397","B"
"1627","18","A7","A","7","2025","C"
"1628","18","A8","A","8","1947","C"
"1629","18","A9","A","9","2050","C"
"1630","18","A10","A","10","1864","D"
"1631","18","A11","A","11","1946","D"
"1632","18","A12","A","12","2107","D"
"1633","18","B1","B","1","1737","E"
"1634","18","B2","B","2","1550","E"
"1635","18","B3","B","3","1469","E"
"1636","18","B4","B","4","1422","F"
"1637","18","B5","B","5","1397","F"
"1638","18","B6","B","6","1572","F"
"1639","18","C1","C","1","2616","G"
"1640","18","C2","C","2","3055","G"
"1641","18","C3","C","3","3342",""
"1642","18","C4","C","4","2271","H"
"1643","18","C5","C","5","2191","H"
"1644","18","C6","C","6","2357","H"
"1645","18","C7","C","7","3615","I"
"1646","18","C8","C","8","3533","I"
"1647","18","C9","C","9","3498","I"
"1648","18","C10","C","10","2837","J"
"1649","18","C11","C","11","2730","J"
"1650","18","C12","C","12","2793","J"